35.952,0.28576,0.32648,0.2823,0.35511,0.23591,0.42478,0.21276,0.54319,28.229,2.2596,NaN
35.967,0.32401,0.32588,0.29609,0.3562,0.26213,0.42135,0.21809,0.54001,23.259,5.6244,36.565
35.836,0.31979,0.3352,0.29064,0.36824,0.2674,0.43,0.2323,0.54565,22.537,7.6622,36.089
34.709,0.33732,0.34909,0.30348,0.37953,0.27067,0.43705,0.22753,0.56103,18.138,9.6881,34.308
36.141,0.31115,0.32233,0.3062,0.35152,0.26899,0.4163,0.22506,0.55805,23.219,10.373,36.689
35.492,0.31747,0.34205,0.31112,0.36141,0.27796,0.43525,0.22437,0.56054,21.458,9.998,34.768
35.923,0.31961,0.32537,0.28516,0.36606,0.25943,0.43081,0.22467,0.55477,22.977,4.8893,35.289
34.467,0.34204,0.34585,0.32101,0.37457,0.27904,0.44245,0.22585,0.57373,13.456,10.425,34.894
34.127,0.33333,0.34688,0.32269,0.37254,0.27739,0.44631,0.22919,0.57642,5.8953,5.1708,34.151
35.559,0.30982,0.34025,0.30215,0.35306,0.26407,0.42069,0.22853,0.55447,27.109,8.1035,34.798
35.89,0.30318,0.33244,0.30078,0.35583,0.26218,0.4139,0.22435,0.5525,28.134,4.8809,NaN
35.623,0.28856,0.33248,0.2975,0.35746,0.26035,0.41289,0.22334,0.55093,28.006,4.8921,NaN
34.139,0.34703,0.35218,0.31788,0.38,0.27689,0.45201,0.22896,0.57401,6.3864,3.6272,34.041
36.156,0.31438,0.33152,0.28521,0.36959,0.25991,0.42222,0.21467,0.54911,23.686,7.5954,NaN
34.149,0.34665,0.35676,0.31765,0.3866,0.28938,0.45419,0.24838,0.57688,6.2629,10.54,NaN
35.588,0.3558,0.3676,0.32999,0.40186,0.30569,0.44217,0.25102,0.55252,28.874,5.9526,34.581
36.207,0.29966,0.3284,0.28724,0.35227,0.25106,0.41041,0.2205,0.5364,27.426,8.0931,NaN
35.284,0.30505,0.35049,0.30553,0.365,0.27804,0.43758,0.22715,0.54485,19.885,9.097,NaN
34.561,0.33488,0.33834,0.30113,0.37547,0.27152,0.43655,0.22903,0.5611,18.402,6.9379,33.905
35.989,0.31906,0.33385,0.29965,0.36861,0.25872,0.42611,0.22361,0.54074,20.991,7.521,NaN
34.457,0.34137,0.33837,0.31572,0.37035,0.2738,0.44672,0.23273,0.56812,11.642,16.436,33.338
34.959,0.30335,0.34758,0.30029,0.3511,0.27438,0.42215,0.23276,0.56303,24.792,10.398,36.123
35.716,0.31542,0.32899,0.29083,0.3597,0.25985,0.41755,0.21153,0.53109,28.089,5.6685,NaN
35.734,0.31542,0.32899,0.29083,0.3597,0.25985,0.41755,0.21153,0.53109,28.089,5.6685,NaN
34.136,0.30285,0.3322,0.29606,0.37206,0.25772,0.42654,0.22661,0.54492,26.214,7.3046,NaN
35.808,0.31209,0.32169,0.2839,0.36259,0.25706,0.41456,0.20559,0.54396,27.081,6.2045,NaN
34.039,0.33855,0.35478,0.3082,0.3815,0.2795,0.44771,0.23689,0.57018,7.3156,13.491,32.877
35.433,0.30208,0.31398,0.29016,0.35916,0.24494,0.4107,0.20364,0.53822,26.329,10.472,35.612
36.068,0.2935,0.33155,0.30276,0.36231,0.24738,0.42302,0.22352,0.54881,23.081,10.303,35.822
36.195,0.31327,0.32182,0.29525,0.36273,0.2671,0.42226,0.22533,0.55061,23.676,5.5292,35.878
34.384,0.33606,0.36263,0.30283,0.38417,0.27848,0.45215,0.23623,0.58202,10.738,10.488,33.96
36.295,0.31887,0.32895,0.30245,0.35779,0.25369,0.42065,0.20842,0.53813,26.266,6.6645,36.285
34.219,0.32487,0.33945,0.30874,0.37775,0.26896,0.43984,0.22861,0.56397,15.756,3.5047,NaN
35.384,0.31621,0.3477,0.30288,0.36839,0.25646,0.43565,0.23018,0.56396,19.845,12.205,34.558
35.428,0.32211,0.34562,0.30243,0.37176,0.257,0.42465,0.23191,0.56305,20.15,11.674,35.934
35.338,0.32343,0.32625,0.31495,0.36199,0.26899,0.4313,0.21786,0.55237,21.646,7.024,NaN
34.063,0.35792,0.34252,0.32426,0.37676,0.28387,0.45034,0.23857,0.56631,10.982,12.319,NaN
34.53,0.33748,0.34045,0.31417,0.37295,0.28343,0.44435,0.23327,0.56871,15.314,7.9471,34.466
35.897,0.30451,0.31447,0.29521,0.34503,0.25886,0.41263,0.21357,0.53964,28.322,4.9247,35.643
35.221,0.30346,0.32092,0.28902,0.35776,0.25305,0.41193,0.22331,0.54614,27.631,6.1158,NaN
35.191,0.30846,0.33501,0.30547,0.3629,0.26126,0.42198,0.23546,0.55764,25.181,8.6356,35.514
34.198,0.33556,0.36347,0.30683,0.37657,0.27928,0.43801,0.23169,0.57409,9.5048,13.381,35.007
34.724,0.32358,0.33879,0.29466,0.36039,0.26026,0.41782,0.21726,0.54744,25.647,6.6621,36.608
34.574,0.35061,0.34944,0.32748,0.38004,0.28692,0.44596,0.22635,0.57326,11.544,7.5544,33.179
34.472,0.32509,0.34169,0.3175,0.37556,0.2735,0.43854,0.22698,0.56403,19.497,13.34,NaN
35.387,0.3247,0.32758,0.30406,0.36304,0.26081,0.40464,0.20523,0.53861,25.459,5.1326,35.866
34.666,0.30939,0.33141,0.29758,0.3494,0.27279,0.41408,0.22078,0.5631,25.855,6.5929,35.528
35.101,0.32738,0.33285,0.2784,0.36284,0.25796,0.41585,0.21673,0.54572,26.44,9.7029,NaN
35.628,0.33278,0.34847,0.28755,0.37134,0.26656,0.44087,0.23147,0.55356,19.325,6.8476,NaN
35.592,0.32119,0.3233,0.29867,0.36369,0.26598,0.42169,0.22001,0.54544,26.797,1.0538,NaN
36.5,0.30715,0.31921,0.28832,0.34812,0.24852,0.41412,0.21812,0.52419,26.844,7.7778,NaN
35.638,0.30617,0.32329,0.30482,0.35413,0.2645,0.42333,0.21996,0.55905,23.158,2.2336,34.792
35.227,0.30884,0.33502,0.30137,0.35847,0.27263,0.41804,0.22483,0.55829,26.803,4.9303,35.978
35.601,0.31583,0.34005,0.30559,0.36759,0.27065,0.4204,0.22295,0.5531,23.32,4.1648,35.137
34.983,0.31181,0.3151,0.29551,0.35296,0.26298,0.41249,0.21036,0.53951,26.169,7.8921,35.82
35.623,0.36666,0.36267,0.33829,0.39029,0.29209,0.43259,0.24618,0.55307,28.13,6.7433,NaN
34.816,0.31441,0.32938,0.28643,0.35952,0.25722,0.42501,0.22144,0.54883,27.028,7.266,34.842
35.921,0.30723,0.33571,0.28268,0.36929,0.25166,0.42091,0.2052,0.55713,24.406,5.5891,NaN
34.038,0.35208,0.34041,0.32568,0.3754,0.274,0.45147,0.22285,0.56758,10.999,13.852,32.861
35.715,0.28884,0.3319,0.28895,0.36224,0.25343,0.42625,0.22169,0.55097,26.908,2.144,NaN
34.149,0.32652,0.35165,0.31096,0.38506,0.27304,0.44708,0.23214,0.57783,7.6655,14.228,28.222
36.136,0.32789,0.30962,0.29235,0.35039,0.25236,0.42018,0.21291,0.54277,25.342,6.2565,37.282
35.604,0.3199,0.33741,0.28696,0.3585,0.26107,0.42542,0.2228,0.54147,26.775,7.9169,NaN
34.704,0.33876,0.36115,0.30781,0.38163,0.27522,0.4459,0.24073,0.56291,19.375,14.458,NaN
34.348,0.32903,0.35205,0.31136,0.38934,0.27365,0.43847,0.23149,0.56981,12.519,5.4347,NaN
34.828,0.32707,0.30873,0.29576,0.35479,0.25543,0.41936,0.2148,0.54043,25.903,6.7094,35.097
34.594,0.34548,0.38199,0.33663,0.41476,0.3003,0.46665,0.26524,0.5943,12.592,10.071,34.1
34.266,0.34454,0.33848,0.32523,0.38424,0.28178,0.44852,0.23524,0.56828,9.4633,10.943,34.216
36.109,0.32613,0.32876,0.29585,0.37241,0.26535,0.43056,0.22908,0.55017,22.9,11.782,36.357
35.56,0.31287,0.33039,0.28834,0.36652,0.25499,0.42149,0.2147,0.55246,26.114,7.0706,36.747
34.996,0.33157,0.34303,0.29967,0.36073,0.26255,0.42924,0.21677,0.54772,22.597,2.4283,NaN
35.756,0.31073,0.3105,0.28378,0.34156,0.25137,0.40995,0.2077,0.52761,26.578,2.2518,36.611
34.027,0.34372,0.33895,0.30807,0.38342,0.27802,0.44666,0.24431,0.57402,11.826,12.408,NaN
34.125,0.33277,0.37198,0.33581,0.40453,0.29113,0.45916,0.25468,0.58281,7.2232,15.813,NaN
34.595,0.32611,0.34118,0.30126,0.37056,0.26225,0.43323,0.23217,0.56074,17.626,7.5862,35.394
35.561,0.31527,0.32547,0.30073,0.37204,0.27064,0.42505,0.21777,0.5616,26.681,2.0514,NaN
35.561,0.32743,0.32945,0.32551,0.36195,0.27775,0.44245,0.24345,0.55144,28.025,3.92,34.485
34.132,0.3471,0.35766,0.31727,0.37907,0.28327,0.4511,0.2354,0.56419,6.9315,12.134,34.251
35.455,0.32917,0.33303,0.30405,0.36445,0.25702,0.43312,0.20843,0.55379,22.442,5.4362,36.11
34.513,0.31805,0.32659,0.31631,0.35398,0.28076,0.43095,0.21792,0.56403,19.045,14.129,34.336
35.976,0.31951,0.31728,0.29537,0.36149,0.25466,0.41125,0.20568,0.53428,28.738,3.2938,NaN
34.191,0.35127,0.34428,0.32508,0.38705,0.28425,0.45138,0.23593,0.57793,6.9869,9.1426,33.598
34.194,0.35531,0.35018,0.31788,0.38246,0.28408,0.44864,0.23719,0.57934,8.1442,12.999,31.667
35.197,0.31842,0.32425,0.30766,0.35361,0.24995,0.41607,0.20866,0.54631,26.47,7.1767,35.261
34.826,0.31308,0.32849,0.29572,0.36287,0.26008,0.41422,0.21971,0.53637,26.725,10.749,NaN
34.43,0.31689,0.33068,0.30664,0.35453,0.26827,0.42209,0.21877,0.55843,26.492,8.3341,NaN
35.96,0.30968,0.32141,0.28752,0.35022,0.25866,0.41746,0.22129,0.54174,28.367,3.5985,NaN
34.674,0.31297,0.32652,0.2954,0.36173,0.27031,0.41822,0.22367,0.54079,26.846,10.75,NaN
35.767,0.33096,0.33525,0.30513,0.37721,0.27707,0.43744,0.23964,0.54976,28.371,6.2675,NaN
35.818,0.31297,0.30992,0.29053,0.35093,0.26451,0.42273,0.21931,0.53837,28.178,3.7341,36.643
34.234,0.34415,0.35577,0.31325,0.38601,0.28222,0.44704,0.2416,0.57233,15.899,5.5521,34.765
36.084,0.30268,0.32825,0.29553,0.37179,0.25605,0.42806,0.23093,0.55224,22.62,4.6689,NaN
34.627,0.31641,0.34748,0.31497,0.37204,0.27265,0.44795,0.22451,0.56994,12.225,11.484,34.598
35.172,0.3321,0.3392,0.29735,0.36625,0.26526,0.43345,0.22108,0.55376,23.539,9.4218,NaN
35.414,0.33239,0.3397,0.28984,0.35917,0.26005,0.42983,0.2178,0.54685,22.543,9.0646,NaN
34.813,0.3183,0.3252,0.30281,0.35093,0.25429,0.41515,0.20604,0.5438,26.067,5.2357,34.661
34.81,0.32591,0.33481,0.30512,0.37731,0.27206,0.42888,0.21491,0.57312,17.326,3.7597,36.273
35.82,0.3029,0.32007,0.28948,0.36526,0.2492,0.42899,0.22032,0.5473,22.48,8.5389,NaN
35.754,0.30497,0.33525,0.30199,0.36442,0.26906,0.41622,0.21943,0.5602,26.043,10.177,35.095
35.203,0.29611,0.32928,0.30228,0.34697,0.26496,0.41351,0.22416,0.56104,27.682,6.0717,NaN
34.987,0.30088,0.3246,0.29043,0.35729,0.2519,0.41689,0.21773,0.54857,27.269,8.6915,NaN
34.114,0.33091,0.3483,0.31181,0.38689,0.28538,0.45294,0.23634,0.58284,5.7424,9.9776,NaN
35.203,0.31089,0.34044,0.29015,0.36281,0.24744,0.42611,0.22728,0.56302,19.506,6.4331,35.637
34.418,0.34012,0.35944,0.30281,0.39597,0.27461,0.44658,0.23993,0.59215,9.0393,12.134,31.848
33.848,0.34507,0.35779,0.31381,0.3925,0.28536,0.45848,0.25426,0.58417,5.3046,8.451,36.625
34.505,0.31329,0.33616,0.30511,0.37937,0.27932,0.43362,0.22164,0.56959,14.154,6.0552,35.324
34.54,0.33327,0.34139,0.30794,0.3772,0.27581,0.43533,0.23051,0.55619,15.655,3.7951,NaN
36.113,0.30634,0.33554,0.29527,0.37715,0.25546,0.42934,0.21884,0.54698,22.679,6.2528,NaN
34.981,0.3251,0.34741,0.29589,0.37377,0.26775,0.43477,0.22973,0.54923,17.31,6.0304,35.307
35.377,0.32949,0.32689,0.3086,0.35517,0.25647,0.42368,0.20937,0.54477,26.3,9.4037,NaN
35.34,0.32045,0.33412,0.30527,0.3697,0.26689,0.42684,0.21702,0.5522,21.258,12.648,36
34.106,0.30546,0.35155,0.32314,0.37752,0.28452,0.45481,0.23517,0.57559,7.7826,11.361,32.783
35.176,0.32668,0.3554,0.30065,0.38055,0.27104,0.43407,0.22071,0.5623,18.609,7.1249,35.45
34.486,0.34336,0.35299,0.3095,0.38315,0.27923,0.44763,0.23485,0.57322,12.844,8.3287,NaN
35.089,0.30897,0.33224,0.28317,0.35501,0.25173,0.41543,0.21607,0.54354,27.448,6.6421,NaN
35.322,0.32225,0.32836,0.28864,0.37583,0.27308,0.42728,0.22881,0.5482,22.327,7.3676,NaN
36.557,0.32978,0.33162,0.28338,0.36079,0.25551,0.42295,0.21358,0.54553,26.269,4.5961,NaN
36.212,0.3035,0.33379,0.29809,0.36571,0.25628,0.42077,0.21329,0.54455,23.77,3.6733,36.792
35.288,0.31122,0.32383,0.30497,0.35311,0.26844,0.41846,0.22421,0.55852,26.685,5.9673,31.127
34.382,0.31306,0.31352,0.27871,0.36956,0.25885,0.41868,0.21941,0.54495,26.684,7.2553,NaN
34.108,0.34472,0.35607,0.32473,0.39065,0.29303,0.44427,0.24825,0.58364,5.6715,13.832,33.769
35.867,0.29438,0.3162,0.28051,0.3517,0.23873,0.41563,0.21135,0.54478,27.639,6.8607,NaN
35.802,0.32437,0.33028,0.3022,0.36631,0.27373,0.42281,0.22427,0.55397,22.298,9.5146,35.346
34.167,0.35234,0.35041,0.33932,0.39049,0.28879,0.46244,0.23191,0.57906,5.7673,14.502,37.534
34.139,0.33584,0.36069,0.31019,0.38585,0.28482,0.45894,0.24586,0.57712,7.186,8.1381,NaN
35.466,0.33291,0.33998,0.30114,0.37703,0.26615,0.42441,0.22727,0.55553,23.271,7.8729,NaN
35.28,0.3288,0.33293,0.28432,0.35766,0.26103,0.4193,0.22102,0.54846,26.924,9.6531,NaN
34.428,0.31983,0.35225,0.3131,0.36029,0.26668,0.42835,0.225,0.56658,19.567,6.3195,34.882
34.784,0.31798,0.31221,0.30102,0.34759,0.2508,0.41517,0.20507,0.53157,28.593,6.8604,34.972
35.305,0.32406,0.31715,0.29765,0.34404,0.25693,0.41512,0.21041,0.53635,27.242,5.9118,35.943
36.24,0.31923,0.31833,0.29306,0.35661,0.26555,0.41335,0.20576,0.52983,25.946,3.3526,37.5
35.013,0.33132,0.30508,0.2877,0.35784,0.25163,0.42099,0.2186,0.55001,27.41,7.0382,35.089
34.443,0.35109,0.36573,0.31373,0.38464,0.28304,0.44614,0.23951,0.56653,14.162,12.375,NaN
36.324,0.30933,0.31022,0.30708,0.34173,0.24765,0.41734,0.21063,0.53007,26.525,2.7554,NaN
36.114,0.30969,0.32863,0.28785,0.37023,0.2514,0.42622,0.20795,0.54386,24.211,8.4518,NaN
34.721,0.31595,0.33603,0.29789,0.38072,0.26298,0.43238,0.23335,0.56215,20.151,12.007,35.685
34.021,0.35227,0.37,0.3297,0.41887,0.29622,0.4752,0.25276,0.59562,6.3985,17.173,NaN
34.304,0.31271,0.3246,0.29378,0.35832,0.26658,0.4232,0.22607,0.54706,26.071,8.3517,NaN
34.907,0.32661,0.32839,0.28287,0.35858,0.26203,0.41834,0.21402,0.55385,27.324,7.2831,NaN
36.18,0.30616,0.32449,0.29104,0.36188,0.26593,0.41739,0.20905,0.53279,27.527,9.0386,NaN
35.609,0.31768,0.32348,0.27856,0.36464,0.25627,0.41771,0.21428,0.5385,28.148,8.4661,NaN
35.591,0.31768,0.32348,0.27856,0.36464,0.25627,0.41771,0.21428,0.5385,28.148,8.4661,NaN
35.327,0.34295,0.33862,0.29864,0.38549,0.26731,0.43729,0.22693,0.55962,22.375,11.765,NaN
34.133,0.34043,0.33724,0.30759,0.36836,0.26957,0.43518,0.22507,0.56414,17.473,5.0794,32.945
34.251,0.33331,0.33804,0.28619,0.38334,0.26294,0.43358,0.22326,0.5729,17.956,8.1786,NaN
35.405,0.33082,0.34007,0.29835,0.36565,0.26791,0.42928,0.23201,0.55354,22.77,10.715,NaN
35.403,0.29865,0.33343,0.30399,0.35978,0.25014,0.42301,0.22641,0.55466,25.029,6.459,37.358
34.358,0.34131,0.37261,0.30644,0.3826,0.28143,0.44971,0.23598,0.58083,12.345,11.07,NaN
36.297,0.32042,0.32491,0.27885,0.35904,0.25814,0.4116,0.2173,0.54553,25.402,7.8767,34.859
35.039,0.3093,0.33164,0.30173,0.35114,0.26027,0.42159,0.21707,0.54771,26.534,7.6124,33.505
35.781,0.31804,0.31694,0.29691,0.36004,0.25936,0.42202,0.2089,0.53978,24.418,6.0841,36.521
36.108,0.32621,0.31557,0.29385,0.35891,0.25829,0.41005,0.21959,0.54014,25.26,7.38,NaN
36.231,0.30334,0.32245,0.29229,0.36169,0.27062,0.40925,0.20955,0.54314,26.492,8.8594,34.791
35.25,0.31536,0.33833,0.29282,0.37408,0.25399,0.42781,0.21786,0.53415,26.199,5.9942,NaN
34.521,0.32696,0.33051,0.29908,0.36897,0.27118,0.43745,0.22741,0.55745,17.145,8.6606,33.988
35.418,0.31189,0.33152,0.29444,0.34874,0.26177,0.42364,0.21109,0.54368,27.961,8.9588,NaN
34.232,0.3157,0.36421,0.32328,0.37414,0.26959,0.44236,0.23046,0.57878,9.434,1.4677,35.251
35.673,0.30793,0.32664,0.28947,0.35727,0.26738,0.41052,0.21766,0.52796,28.372,8.624,35.693
35.837,0.31046,0.32263,0.29932,0.35401,0.25443,0.42012,0.20272,0.54234,25.518,2.0716,NaN
34.597,0.33534,0.3385,0.31198,0.37584,0.27178,0.43147,0.22169,0.55412,17.407,9.5616,35.862
35.383,0.30311,0.33127,0.28823,0.36152,0.26355,0.41676,0.21538,0.54584,26.605,7.681,34.672
35.655,0.30313,0.33706,0.3015,0.36931,0.25331,0.42868,0.2227,0.55193,23.721,5.9114,NaN
35.897,0.32036,0.32852,0.291,0.36287,0.26524,0.42361,0.21444,0.55396,24.247,8.7301,NaN
35.415,0.29967,0.33923,0.30587,0.35701,0.26941,0.42493,0.22082,0.58148,20.888,3.4646,NaN
35.588,0.31221,0.32832,0.29796,0.35029,0.25136,0.41651,0.20535,0.54092,27.828,5.9317,NaN
33.981,0.31454,0.31816,0.29452,0.35211,0.26219,0.41941,0.22026,0.5303,26.495,7.0847,35.323
35.441,0.31071,0.32883,0.28497,0.36532,0.25133,0.41901,0.20438,0.55238,27.386,7.7758,NaN
35.382,0.31612,0.3334,0.2927,0.37176,0.25734,0.43105,0.21964,0.56441,21.094,4.0391,NaN
35.083,0.3148,0.33289,0.29594,0.35802,0.27204,0.42472,0.2158,0.55081,25.957,7.5831,34.162
34.067,0.31787,0.34659,0.31249,0.37832,0.25773,0.43891,0.22991,0.56636,17.286,8.4006,NaN
35.643,0.32025,0.32474,0.30347,0.36861,0.28949,0.43861,0.26029,0.57176,27.457,7.7419,NaN
36.099,0.32266,0.32934,0.30146,0.36265,0.2683,0.43354,0.21786,0.54387,22.704,4.8698,37.156
35.622,0.29559,0.33903,0.30421,0.36459,0.25422,0.42634,0.2246,0.5552,23.543,6.6218,NaN
35.028,0.32228,0.32767,0.27775,0.35966,0.25127,0.42345,0.20389,0.54047,27.508,2.345,35.065
35.658,0.32213,0.33406,0.2894,0.35924,0.26738,0.42084,0.22291,0.55184,23.72,5.2548,NaN
34.149,0.34015,0.37069,0.3183,0.38758,0.29202,0.45521,0.23871,0.57922,7.6016,13.382,35.824
34.318,0.33934,0.34341,0.31286,0.37245,0.2732,0.44195,0.22637,0.56774,12.918,13.021,NaN
35.106,0.29566,0.32269,0.30077,0.35371,0.26404,0.42178,0.22203,0.5659,29.051,8.9436,NaN
34.853,0.34621,0.33816,0.32396,0.37656,0.27496,0.44339,0.23284,0.56296,19.237,8.8662,NaN
34.792,0.30727,0.33486,0.29311,0.3539,0.26481,0.41823,0.21221,0.56413,25.596,8.8753,35.065
34.014,0.35587,0.36799,0.33022,0.39161,0.29371,0.45221,0.24243,0.5725,11.133,14.855,NaN
34.602,0.33257,0.35225,0.30237,0.37677,0.27667,0.43906,0.23391,0.5632,11.768,2.9349,34.564
35.954,0.32147,0.33821,0.29334,0.35946,0.26636,0.42335,0.21873,0.54638,23.871,8.564,NaN
35.927,0.3239,0.32708,0.30154,0.36825,0.26698,0.42684,0.21615,0.55417,24.348,6.6149,37.529
34.092,0.32585,0.34688,0.30536,0.38692,0.2753,0.43807,0.22679,0.57628,16.788,6.7341,NaN
36.117,0.29324,0.34559,0.28826,0.37188,0.24893,0.42043,0.23357,0.54024,24.787,8.2646,NaN
34.121,0.33464,0.36059,0.32566,0.38743,0.28925,0.44784,0.24553,0.579,7.2825,15.167,37.151
34.974,0.30932,0.33857,0.29278,0.35935,0.25715,0.42234,0.21815,0.54318,27.253,7.8514,34.937
35.117,0.32611,0.33294,0.30586,0.36844,0.26925,0.42954,0.21587,0.54394,20.619,4.9968,34.81
34.262,0.34156,0.35463,0.32634,0.39163,0.28054,0.45039,0.23078,0.57532,8.5295,9.4074,32.14
35.77,0.3156,0.33438,0.30431,0.36309,0.25932,0.42796,0.22162,0.54091,23.114,4.0408,37.058
35.576,0.306,0.3293,0.29557,0.36254,0.25225,0.42099,0.22699,0.55015,26.458,5.6039,NaN
35.138,0.31015,0.33497,0.30342,0.37131,0.25275,0.42665,0.22627,0.55714,18.843,5.9629,35.502
35.404,0.32703,0.33757,0.29566,0.36928,0.26435,0.43018,0.22099,0.55496,19.153,4.8344,34.743
34.037,0.35255,0.36144,0.30837,0.3916,0.27824,0.44972,0.24298,0.58082,10.644,10.227,NaN
35.611,0.3282,0.32593,0.29911,0.35885,0.26767,0.42596,0.2182,0.55808,21.576,8.2839,NaN
35.642,0.30841,0.33804,0.31665,0.36058,0.29232,0.4254,0.24205,0.55359,27.664,11.4,NaN
34.182,0.34553,0.34518,0.3194,0.38887,0.2806,0.45287,0.24309,0.56779,8.059,11.477,NaN
34.171,0.33551,0.35719,0.31387,0.39864,0.28331,0.45856,0.23595,0.58936,6.641,12.974,36.936
34.655,0.34465,0.33895,0.29421,0.38183,0.28144,0.43256,0.24136,0.571,17.024,9.7196,NaN
35.955,0.31748,0.30783,0.2965,0.36068,0.26476,0.4179,0.21452,0.5446,28.49,5.8041,NaN
34.684,0.31495,0.32765,0.30225,0.35067,0.2619,0.424,0.21781,0.56839,27.055,5.5835,35.213
34.516,0.33936,0.34241,0.31691,0.38355,0.28299,0.44636,0.23634,0.57566,10.607,9.4853,NaN
34.22,0.33786,0.34427,0.31004,0.38617,0.28089,0.44355,0.23064,0.56659,14.502,8.9098,35.621
35.241,0.29882,0.34303,0.31104,0.35861,0.27282,0.42728,0.22303,0.56235,21.878,2.5235,NaN
36.013,0.3187,0.32653,0.28858,0.35105,0.26511,0.41735,0.22399,0.53789,28.303,6.1139,NaN
35.127,0.29647,0.34035,0.29172,0.36085,0.27037,0.42578,0.21607,0.57269,26.97,9.4344,34.626
35.674,0.34662,0.35043,0.34039,0.39767,0.31956,0.45129,0.252,0.5608,28.389,5.7093,NaN
35.339,0.30984,0.35876,0.32379,0.37551,0.29488,0.44616,0.24248,0.55537,19.899,8.8484,NaN
34.465,0.32262,0.33408,0.28482,0.3651,0.25929,0.42352,0.21946,0.54545,26.773,5.7947,34.295
35.468,0.29913,0.33633,0.30016,0.36011,0.2733,0.43379,0.21656,0.57245,19.721,10.014,35.063
35.843,0.31556,0.31836,0.30408,0.35201,0.2547,0.4167,0.22003,0.5301,28.118,5.3259,NaN
35.409,0.3081,0.3283,0.28221,0.35776,0.26055,0.42007,0.21177,0.53426,28.125,9.4112,34.408
35.236,0.31456,0.33132,0.29397,0.35885,0.27271,0.4225,0.22143,0.55421,21.177,9.8926,37.45
35.81,0.317,0.3342,0.28694,0.36177,0.25285,0.42243,0.2178,0.54941,24.935,5.3362,NaN
34.972,0.31563,0.31961,0.29934,0.35734,0.25628,0.42414,0.21357,0.55039,27.693,8.3663,35.168
34.903,0.30325,0.32807,0.29865,0.35102,0.26584,0.41316,0.22066,0.54908,26.699,8.8758,NaN
35.581,0.31719,0.31148,0.29879,0.35746,0.26413,0.42001,0.20729,0.53897,27.846,6.5223,NaN
34.485,0.32789,0.33824,0.30834,0.3737,0.28443,0.43936,0.23164,0.5658,14.897,13.966,35.035
33.836,0.3149,0.35035,0.31201,0.38758,0.27095,0.45211,0.25777,0.59625,5.3233,7.3254,26.701
34.407,0.32889,0.34415,0.31877,0.39868,0.27818,0.45525,0.23138,0.57115,10.224,11.508,NaN
35.18,0.30719,0.32475,0.30397,0.35047,0.26775,0.42185,0.21977,0.55311,26.642,7.4635,NaN
36.041,0.31282,0.33624,0.29781,0.35477,0.26455,0.42779,0.22188,0.54863,25.003,2.9173,35.715
35.301,0.32348,0.33348,0.30904,0.3638,0.26513,0.42608,0.21704,0.53898,23.878,8.6966,35.621
34.545,0.33094,0.34914,0.29839,0.37754,0.27005,0.43162,0.22272,0.56664,18.184,2.1618,NaN
34.131,0.32654,0.34109,0.31717,0.38634,0.28871,0.44951,0.23789,0.57843,9.1709,12.14,NaN
34.963,0.32183,0.34071,0.30957,0.38663,0.2839,0.42966,0.22549,0.57125,19.814,8.3335,35.95
35.234,0.32735,0.34849,0.2961,0.37459,0.264,0.42735,0.21848,0.55964,21.585,6.3125,35.092
36.106,0.30946,0.32657,0.29192,0.35084,0.26054,0.41743,0.2087,0.56901,28.476,6.3137,NaN
35.932,0.32174,0.33369,0.30459,0.36177,0.26488,0.42559,0.21987,0.54976,24.401,9.7419,36.451
34.48,0.32963,0.33487,0.3136,0.37198,0.27363,0.43441,0.22874,0.56876,14.997,7.6452,NaN
34.139,0.32741,0.3522,0.30946,0.37312,0.28111,0.44679,0.23089,0.56503,7.229,12.303,NaN
36.515,0.31154,0.3285,0.27658,0.35066,0.25663,0.40917,0.21848,0.54529,26.911,5.6873,NaN
35.157,0.31858,0.3324,0.28455,0.35937,0.25563,0.42033,0.21624,0.54272,27.662,8.2798,NaN
34.182,0.32772,0.34873,0.32022,0.38904,0.28172,0.44389,0.22927,0.57126,6.8432,12.739,NaN
34.455,0.33135,0.34066,0.32337,0.36838,0.27367,0.43947,0.22502,0.56828,14.138,7.9302,NaN
34.137,0.33683,0.35881,0.32495,0.38912,0.28693,0.45085,0.24284,0.57952,7.5315,12.978,30.769
35.391,0.29294,0.34181,0.29492,0.35566,0.26738,0.41405,0.22475,0.55302,27.052,7.6363,35.19
35.703,0.29235,0.32152,0.28497,0.36569,0.25199,0.41237,0.21625,0.54356,26.343,5.0334,NaN
34.619,0.3089,0.32515,0.30233,0.35285,0.26676,0.42051,0.20993,0.5576,19.407,4.7724,35.775
34.448,0.34839,0.35548,0.3038,0.39709,0.27809,0.44891,0.23961,0.58182,13.615,6.2924,33.819
36.202,0.30073,0.33276,0.28712,0.36073,0.24057,0.41525,0.21436,0.54164,27.474,7.2128,NaN
35.876,0.32326,0.33651,0.29341,0.36958,0.26268,0.4278,0.22849,0.56031,22.348,9.7091,NaN
34.002,0.32372,0.3522,0.32627,0.38923,0.28639,0.46019,0.25886,0.58579,5.9048,6.2334,37.14
36.239,0.31077,0.32851,0.28537,0.35049,0.25887,0.41742,0.21791,0.54104,27.766,2.0166,38.543
35.068,0.32471,0.31932,0.30191,0.3501,0.25135,0.41704,0.21917,0.53472,26.876,7.5664,NaN
35.42,0.33921,0.3416,0.3036,0.3708,0.2732,0.43346,0.22749,0.5555,21.876,4.7831,NaN
34.925,0.31294,0.31831,0.29535,0.35695,0.2653,0.42253,0.21616,0.54295,26.773,7.6545,34.533
34.845,0.3144,0.31487,0.29851,0.35558,0.26235,0.41919,0.21178,0.53365,27.22,4.3347,34.147
36.115,0.3261,0.34442,0.29705,0.36038,0.26677,0.42032,0.22829,0.54984,24.528,8.9247,36.386
36.322,0.30978,0.31227,0.29006,0.35897,0.26672,0.41508,0.21406,0.52632,25.003,5.9381,NaN
35.89,0.31941,0.30665,0.29791,0.35511,0.25779,0.42295,0.21702,0.53987,28.47,5.9884,34.706
35.403,0.32706,0.33572,0.30285,0.37533,0.27176,0.43168,0.2257,0.55683,21.759,7.3599,NaN
35.605,0.32037,0.33083,0.29037,0.35915,0.26857,0.42129,0.2242,0.53425,28.158,6.3352,NaN
35.878,0.30325,0.32576,0.2917,0.36216,0.25714,0.42139,0.22031,0.55323,23.178,10.72,35.54
34.339,0.35041,0.34713,0.32869,0.3828,0.27202,0.44894,0.22874,0.57879,11.664,5.4171,NaN
36.052,0.30254,0.32845,0.30411,0.36537,0.25535,0.42897,0.224,0.54561,24.48,9.0788,NaN
34.116,0.32744,0.33901,0.31132,0.36425,0.26949,0.44261,0.22088,0.55882,17.587,7.268,NaN
34.353,0.33949,0.34237,0.3246,0.36843,0.27317,0.44072,0.22923,0.56962,12.341,12.155,32.675
35.03,0.29963,0.32026,0.29522,0.36207,0.26337,0.42811,0.20179,0.56038,26.807,7.9776,36.094
34.197,0.31775,0.35247,0.31943,0.38667,0.27341,0.45353,0.2401,0.57119,17.71,7.8878,36.171
35.412,0.31339,0.33016,0.29366,0.36073,0.26595,0.42345,0.22164,0.54139,24.667,7.456,36.374
35.693,0.32015,0.32104,0.29446,0.34863,0.25437,0.41553,0.21774,0.54266,28.207,7.8911,NaN
35.675,0.32015,0.32104,0.29446,0.34863,0.25437,0.41553,0.21774,0.54266,28.207,7.8911,NaN
35.297,0.32075,0.33526,0.28566,0.37271,0.268,0.42179,0.22011,0.54829,25.707,7.9818,36.353
36.313,0.3141,0.32483,0.29599,0.36793,0.262,0.42147,0.21334,0.53736,23.241,5.7408,36.769
34.23,0.33887,0.34617,0.31369,0.39112,0.28385,0.44934,0.23957,0.56998,8.617,16.711,30.637
34.903,0.30497,0.32887,0.29131,0.37197,0.25,0.4278,0.22578,0.54264,25.362,7.8181,35.877
34.857,0.31758,0.31414,0.30018,0.35681,0.26262,0.4246,0.22244,0.5481,26.523,9.8356,35.52
34.544,0.33485,0.33491,0.30841,0.36852,0.27489,0.43463,0.2211,0.56057,17.392,10.678,NaN
35.84,0.32231,0.32136,0.30144,0.35763,0.25221,0.42123,0.19904,0.54857,21.727,3.8048,38.55
36.261,0.31803,0.32399,0.29771,0.34749,0.25665,0.42361,0.20908,0.54676,26.086,9.6029,NaN
36.142,0.30574,0.33938,0.2992,0.36623,0.24588,0.42142,0.22277,0.55012,23.047,5.2119,36.647
35.743,0.30537,0.33091,0.29319,0.35482,0.26571,0.41293,0.22853,0.57545,28.404,7.1114,35.733
34.073,0.33628,0.35683,0.30529,0.38531,0.2736,0.44902,0.23446,0.57093,10.099,15.402,34.233
35.651,0.31339,0.32814,0.30303,0.3609,0.26562,0.4173,0.20904,0.56893,27.711,6.6868,34.293
35.273,0.30986,0.31634,0.28626,0.35627,0.26247,0.41348,0.21754,0.5629,27.087,7.0216,NaN
35.216,0.31481,0.323,0.29744,0.35244,0.25845,0.42282,0.20546,0.54301,27.327,9.7403,34.583
34.576,0.33473,0.35047,0.31385,0.37173,0.28428,0.44007,0.2414,0.5745,9.9483,7.3413,34.818
35.797,0.32195,0.32934,0.2976,0.36103,0.26378,0.42592,0.21319,0.53523,27.936,9.1116,NaN
35.756,0.33461,0.32726,0.3133,0.37082,0.27138,0.43469,0.21614,0.56219,19.406,4.2361,34.598
35.663,0.32137,0.34333,0.32028,0.366,0.26823,0.42831,0.21796,0.55082,18.155,7.6491,NaN
35.412,0.31706,0.33676,0.28798,0.367,0.26387,0.43126,0.2193,0.5466,20.608,3.3413,35.533
34.05,0.34283,0.34213,0.32907,0.37307,0.28388,0.44731,0.23225,0.56976,8.9135,16.289,38.454
35.25,0.31328,0.33556,0.2934,0.36176,0.26793,0.43078,0.21493,0.5711,24.005,10.045,36.014
35.312,0.31902,0.33384,0.28268,0.36066,0.25782,0.43116,0.22118,0.54899,28.188,9.3369,NaN
36.102,0.31705,0.33084,0.30362,0.35324,0.26451,0.43094,0.21248,0.55392,22.058,7.6359,NaN
34.335,0.33219,0.3417,0.32148,0.38621,0.27853,0.44944,0.21962,0.58017,11.317,2.5906,36.14
35.188,0.32106,0.33829,0.3113,0.36846,0.26827,0.42704,0.21214,0.55204,21.38,9.5234,36.129
35.617,0.32619,0.31793,0.28374,0.3787,0.24661,0.4286,0.21571,0.54679,22.063,3.4177,NaN
34.578,0.33188,0.35549,0.31938,0.36776,0.2835,0.45289,0.23097,0.59251,11.712,9.3078,35.204
35.983,0.30736,0.33705,0.31285,0.36876,0.28364,0.42597,0.23125,0.53706,24.068,6.6541,36.425
34.457,0.30117,0.32654,0.28313,0.37775,0.25387,0.42363,0.23127,0.54889,26.7,7.1585,35.281
36.032,0.31906,0.31842,0.29085,0.36484,0.26463,0.42369,0.21941,0.55073,23.289,7.9551,NaN
35.607,0.31035,0.33728,0.29698,0.36613,0.24097,0.42501,0.21409,0.55705,22.092,3.5623,NaN
34.839,0.33197,0.33607,0.29802,0.36877,0.26939,0.43622,0.23174,0.55353,17.282,11.098,35.11
35.607,0.32736,0.33549,0.30422,0.36253,0.27535,0.42448,0.22109,0.55833,22.232,11.981,33.664
34.162,0.32619,0.36682,0.31645,0.37229,0.28695,0.45299,0.24086,0.6047,6.5221,12.731,34.157
36.098,0.3169,0.33676,0.28172,0.36576,0.26344,0.42716,0.21141,0.5654,23.657,0.93814,NaN
35.391,0.31474,0.32231,0.29706,0.35371,0.25689,0.41789,0.2082,0.53193,29.196,5.608,NaN
34.794,0.31319,0.33388,0.27852,0.36777,0.25729,0.42403,0.21492,0.54478,27.295,5.3263,NaN
34.115,0.33458,0.3596,0.32979,0.38077,0.27553,0.45065,0.22722,0.59151,5.9375,14.186,34.905
35.483,0.30148,0.3372,0.29559,0.36542,0.24776,0.4163,0.21825,0.54497,28.447,8.253,NaN
35.391,0.33914,0.34355,0.30896,0.36914,0.26234,0.42939,0.2159,0.55651,19.894,4.4601,NaN
35.37,0.3143,0.32121,0.30277,0.35857,0.2547,0.43099,0.2129,0.55213,26.41,10.248,36.726
35.125,0.31061,0.3217,0.29547,0.36172,0.25042,0.43278,0.21883,0.55725,21.457,5.3309,NaN
35.628,0.2953,0.34313,0.30867,0.36867,0.27192,0.42137,0.22436,0.57038,23.199,1.2343,NaN
34.196,0.34278,0.3526,0.29937,0.39534,0.27961,0.45588,0.24115,0.58597,7.8488,7.8255,34.394
34.039,0.32557,0.34087,0.31567,0.39414,0.27343,0.45186,0.22715,0.58304,10.544,5.2447,34.476
35.623,0.31089,0.33379,0.30598,0.37249,0.28085,0.42983,0.22606,0.56185,22.218,7.0361,35.84
34.523,0.32175,0.34297,0.31745,0.37948,0.28147,0.44785,0.2338,0.5691,11.051,15.08,36.826
35.536,0.30547,0.32212,0.29616,0.35882,0.26845,0.42574,0.226,0.53865,28.206,8.0586,35.966
34.229,0.33247,0.33942,0.31887,0.38361,0.27364,0.44297,0.22624,0.56201,12.847,7.5322,34.979
34.16,0.31405,0.32603,0.28795,0.35594,0.26514,0.42606,0.21512,0.54948,26.804,7.3782,34.485
35.931,0.31547,0.32839,0.30386,0.34979,0.25735,0.42105,0.21131,0.53838,28.556,8.2684,34.77
34.721,0.31945,0.32514,0.29611,0.36545,0.27366,0.42396,0.22118,0.52814,27.138,8.7917,33.85
35.752,0.30723,0.32567,0.29072,0.3542,0.26563,0.41285,0.20853,0.55702,28.323,7.3615,NaN
36.014,0.29019,0.32268,0.27486,0.35445,0.24463,0.40933,0.2209,0.54226,27.938,6.7635,35.732
35.256,0.30882,0.32926,0.28668,0.36841,0.25158,0.41548,0.21779,0.54334,27.159,8.3222,35.359
34.729,0.31096,0.33881,0.29585,0.35851,0.26792,0.42323,0.22419,0.54424,26.496,6.4334,35.052
35.84,0.30935,0.33584,0.30225,0.36696,0.26961,0.42652,0.22305,0.54769,22.952,6.6747,34.893
35.298,0.31722,0.34166,0.29551,0.36732,0.26538,0.42737,0.22075,0.56134,20.942,3.057,NaN
35.288,0.30317,0.32352,0.29839,0.35587,0.26579,0.41126,0.196,0.54164,26.618,0.39622,NaN
33.834,0.36004,0.37722,0.3374,0.40863,0.3066,0.4638,0.25887,0.58818,4.9369,20.152,29.889
34.463,0.32425,0.3475,0.31103,0.37563,0.29114,0.44319,0.22005,0.57402,13.754,10.738,34.785
35.863,0.30343,0.32617,0.28877,0.35702,0.25842,0.41308,0.22018,0.55326,27.965,8.6733,35.001
34.412,0.33585,0.34949,0.30863,0.39023,0.27876,0.44627,0.24167,0.57954,9.8393,15.862,NaN
35.988,0.32065,0.33848,0.30718,0.36989,0.27088,0.42537,0.23298,0.54488,21.191,10.221,35.698
34.547,0.33313,0.35,0.30675,0.38793,0.27032,0.44392,0.2355,0.55757,15.812,12.304,NaN
35.39,0.32512,0.33902,0.29242,0.37396,0.25976,0.42549,0.20409,0.55136,21.838,5.0776,34.755
35.191,0.30591,0.32628,0.29163,0.34967,0.26167,0.42144,0.21424,0.57224,27.103,10.987,NaN
36.024,0.32343,0.32652,0.30409,0.36008,0.26666,0.42206,0.21992,0.54997,23.226,8.2935,33.642
35.472,0.32722,0.31844,0.29894,0.35405,0.2567,0.40955,0.21342,0.53918,28.195,7.1732,NaN
35.686,0.31977,0.32873,0.28425,0.36397,0.25641,0.4215,0.21719,0.55132,26.817,10.485,35.252
34.042,0.35369,0.34701,0.31271,0.40701,0.28247,0.45258,0.24808,0.5899,7.3378,8.1286,36.221
